id;street;city;zip_code;province;phone_number
1;Hertha Flats;Lake Ferminhaven;3743;Hat;supply-chains magenta
2;Hauck Cove;Port Cathrynborough;2968;Oklahoma facilitate;Engineer
3;Fritsch Vista;Jerrychester;3707;zero tolerance;mission-critical
4;Hallie Walks;North Dulceborough;9174;Public-key Granite;Way Dominican Republic
5;Armando Pike;Hillsberg;3179;cross-platform Point Orchestrator;Solomon Islands Licensed
6;Hammes Street;Chynachester;1366;Kentucky Algerian Dinar Clothing;open-source turn-key
7;Weimann Corner;Gradybury;5659;hacking Forint bandwidth;Global
8;Destany Trail;New Chanelfort;9839;Borders content-based;Tasty Customer Human
9;Hauck Point;West Maxine;7533;Internal AI optical;bypassing Marketing
10;Marcella Spurs;Kristown;4350;Branding;Home Gloves Latvia
